Population,Age_Dist,Past_7_Days,Infection_Rate,Awareness,Power_Stability,Distance_from_Hub,Demand,Waste_Risk
187895.51930483387,0.6981617140197451,966.4079977511673,5.238909672848559,40.93645469887248,0.879263245474412,337.9879821334045,404.01836567088054,1
475406.4388985482,0.5360963663441204,2732.4096895228727,4.8439005885343365,39.75830392575999,0.8351694562583023,399.3572916097293,392.99637856377467,1
366264.9769638911,0.30952761628632774,4371.081887588221,0.35385645148371336,92.50036644168293,0.7014702660189012,128.981609902287,232.730944006935,0
299730.58361432125,0.8137950197069487,3674.513187727328,3.478353493498948,39.96369598796049,0.9692330005283532,314.3126793054645,344.8177463778271,1
78853.30158077582,0.6847311725538793,4042.477681914176,3.863936625979985,41.75597809029048,0.4403321608698819,288.0142616561556,256.9281716283368,1
78841.26564776512,0.1626169393448913,3310.977665218051,4.048345530879315,80.7518609934371,0.376484947216735,417.2510365101942,329.5585628387891,1
29983.72247193153,0.9109271844938425,3476.7689943633695,5.843706455350589,55.9791873960432,0.8977733768687954,453.51309493822396,331.3381447107735,1
433221.8967416927,0.822537242923169,4253.51847524833,5.3826652125960965,82.1368445564145,0.6074048716436238,11.017601881306469,471.41334503732236,0
300956.3908598612,0.949799913291924,1285.8566438529704,6.118260418655102,25.229292605150818,0.8928781979449423,338.6398599341024,411.13625925184726,1
354328.2163202267,0.72571950838836,2472.6535700335453,7.67234428926707,59.005695493870746,0.9251631436367904,30.658720564265867,511.5924575262803,0
11271.662653605421,0.6134151959357899,1144.986737007031,8.148558813289325,22.68908801466261,0.34372031553335,276.6850392132912,424.6598193194214,2
484985.01622883516,0.4182430362906189,4938.956639583403,7.209418454642295,25.01225627642836,0.9184253340902424,147.37820087662072,453.5477689340063,1
416388.8777594105,0.9327284833540133,4723.0937314487355,9.559684589953854,92.51499626755287,0.6138233387585955,156.8544167634599,670.8582017359635,0
106957.2162284598,0.8660638895004084,245.16271627410418,0.28050256849598015,31.139629689407613,0.6573027423029625,179.7144592089165,63.00814831426102,1
91730.65863634321,0.04521867010618941,3542.597103952658,2.0382020582671063,62.593654582017365,0.7386147577652471,312.539762279557,179.21396746150663,1
92518.85041686347,0.026366974497252005,4629.979171207546,0.17487246228360698,52.887648208056525,0.9484678247110607,170.35473300604076,77.31205415375696,0
152816.87923680933,0.3764633668780496,943.847958380301,6.509999670130569,47.78746610070741,0.31338126610083483,367.6860300421888,416.04430338527226,2
262853.45938448666,0.8105533307818329,2861.328891235516,8.99050243460487,91.9866676549818,0.633790427822472,205.24105585906548,644.3399031048746,1
216540.56430241576,0.9872761293149445,4581.6670730608075,2.5104747361053628,21.74587174203916,0.7814054297013924,38.83483415342952,255.95763154465817,0
146323.34095882293,0.15041689110352818,218.03259399970426,9.277641993483435,73.10317489404713,0.8058948703887598,392.9611220296331,548.3940155134524,1
306314.59446646733,0.5941307153521351,3502.2303228718574,0.6966471638666524,97.07155473708403,0.7847727020759756,146.45037067338947,163.6382485008996,0
70607.43646536888,0.3808908566310215,1521.8775864941263,9.35091666537459,64.81345467694736,0.39410459058568525,219.219605401635,501.4392982731324,1
146780.17961907387,0.9699143978146032,4625.761167113826,3.581064603672381,94.94579696264735,0.5095769118601768,344.29472219484126,293.6729349722422,0
183814.55980355217,0.8421189231357087,4856.73831356857,1.1040662016472436,24.1806303428819,0.5511008677919094,169.56579778861246,116.93224247548426,2
228578.92212430094,0.8383287047111379,4724.119121111498,4.910130415944623,53.50346552593291,0.8631060453756534,33.00989979262424,329.08385965058153,0
392802.8047351138,0.4686931597949703,2397.3603724544455,2.642088020433029,40.81262327696409,0.4951319106901871,190.09091827134273,225.95203250665494,1
100637.2172970215,0.4148195023376652,4317.111122397101,2.920241729423036,78.46567719845838,0.4474934747070422,472.5020484336802,231.86288748500724,1
257602.9847683922,0.27340707193070624,4230.519522748598,3.142170652770237,98.50376723977973,0.9702136133266672,322.6585266627863,341.9645263145078,0
296614.8698621592,0.056375496650927115,1629.5473425541154,8.049956388543368,40.52240499553982,0.30620429957942824,337.3821785902674,561.7561586731341,2
24178.755947278863,0.8647223762550532,4153.131597045853,5.437696639085019,72.33396811792596,0.9984745989773847,317.97966605063175,323.60127420094454,0
304164.88109881774,0.8129010091300776,233.18779184168847,3.1819462216444365,35.847810620779214,0.7737749092001769,103.50110878492121,265.5446949254747,1
86091.53771995848,0.9997176732861306,3001.5358984861628,6.142304454778092,65.22642036572879,0.8799285096143818,212.07526273062865,351.8341889782554,0
33460.74489965448,0.9966368370739054,1188.5437445741302,7.189891674809616,57.114598935066894,0.5062335774423352,376.71520018984256,425.0754476267053,1
474493.8830894133,0.5554317056026274,646.8060845975301,2.7989776072619845,97.76042637052296,0.31002069436694196,55.17958428881378,337.6360399509054,0
482850.38450420514,0.7689874151805105,430.9183480645853,4.19413610510098,68.68218181571733,0.8165086629930709,142.53712416440757,451.9004930840879,1
404390.2767101141,0.944765729882428,3496.629440596792,1.306672324035781,47.960509766945506,0.883901217900473,141.77795869059753,145.3178843850632,0
153002.27081751198,0.8496473906774115,1732.3810706519273,1.8933785603933353,29.12766279103467,0.8183332923674633,218.84936915928046,151.7157884333319,0
49738.38488918555,0.24734810174319766,3637.5955190673694,6.843066754253329,32.09974629879476,0.399995201110587,490.28252676638164,404.22996643780397,2
342432.28022956627,0.4505441353100935,373.51388695476476,1.896239642186707,38.025354396098805,0.8273995455798784,38.41376060849186,244.75874639042925,0
220636.09437606105,0.12915941515149498,1610.6871722615213,5.299117498303896,40.07733290722384,0.8382459474753485,261.75699221839454,505.87571933426176,0
61897.07918754464,0.9540510272587224,2720.481897257919,7.119557991052083,88.04928462729103,0.7609783609690384,93.78551759604417,480.086309164554,0
248093.27814552383,0.60617463445088,3964.0796659528696,1.1580815386379641,64.89782306260199,0.8362811529569103,485.48488997782334,147.02715359605685,1
18159.87203649398,0.22864280550346272,1627.824889513746,5.716390974326145,61.87127290994931,0.8921450077744124,61.08523484009478,348.36557088275106,0
454750.88063731225,0.6717006844058567,3148.162313363195,2.6399715586435013,29.181509749537398,0.7295228799662208,204.78249616898768,208.79303519958353,1
130131.21081840844,0.6181282404578958,4435.589853769126,9.63297606485204,88.8111754679548,0.36202329977877534,370.25306749313006,605.4693544912411,2
331598.619892637,0.3581627180328405,3098.5227815024077,4.887101902527254,77.8251442566787,0.6413394667670476,353.7544418735854,380.00702250079456,1
156543.82696861608,0.11355759219962902,1203.1494000304872,8.079326242774066,25.413468952000127,0.35435453427012353,214.25067526249646,522.1124429592963,2
260513.9425677276,0.6715731955927996,170.7838687048632,5.547242767346991,76.62680777838149,0.5852801217227015,176.52946313659552,404.6661151862726,1
273808.42939229653,0.5203077009037933,4356.989425809603,0.5297840752627098,63.483057387411684,0.5849745423879393,201.81812738367094,166.2764941784738,0
93242.373307238,0.7723183917356393,155.28358370941635,6.368198618380821,26.538027659742262,0.3462068908981691,135.81675026352644,341.14277850073455,2
484822.72925451474,0.5201635011119934,4379.7732797867875,9.518893087845905,56.664051322292515,0.5441743737786355,106.6398046598659,764.9980920836088,1
387791.27885719616,0.8521815003185401,2668.2388134346993,6.0559570194486785,58.775702970403756,0.37769866915392036,244.10465029165053,461.84879929410096,1
469809.97184053034,0.5519068387744855,4698.385107638836,8.209969708325223,33.26196321306206,0.8657646470064555,137.92420925346562,676.3312923554424,0
447518.84786339675,0.5609379715353863,4003.9770170796437,8.853643987149237,95.65585176002259,0.9633816181751296,147.2935241241388,713.3012935824167,0
299352.08942673146,0.876653602658345,4989.773847140021,2.3579897422944316,87.99802971845295,0.350621532680557,330.09425141990573,319.8064800279633,1
461015.2432765353,0.40348286621239704,1786.0234864859653,2.199243915091444,73.52178698632866,0.968580645104191,484.42597919144663,340.22521308973745,0
45157.75852390783,0.13401522845064073,3847.5820302090783,6.148711789624818,56.98364488004857,0.6658036195357215,303.80041427689065,397.6564268292744,1
98795.44834715345,0.028782676313338973,2039.5580223657487,4.1691818510863765,52.941243326760684,0.5096959745677117,43.104836197158306,194.65534141794507,1
23568.417166358497,0.755137255673619,2425.3843205043486,8.414626898380531,72.07787737207633,0.3538034526933144,42.413888857763155,485.9355777334726,1
163339.83505086892,0.6203095513534647,3156.152042930932,9.01022892164031,63.634549552552436,0.6504369876492924,475.95449431855513,605.4058447090447,1
194949.96755505152,0.7040797680992236,4374.701715222377,3.5988716550969095,24.98184847055085,0.856160881143524,152.15894120213014,260.96556231820654,0
136403.16685517406,0.21296416150891073,4921.213172536511,2.4450185338473727,61.000211901626535,0.7949605340866887,50.57315811082534,153.91259631036863,0
414540.0170668127,0.13637147558676976,3852.953398629365,7.827202600914232,84.51228937862716,0.33515820802478163,301.5270706394389,597.6142020155091,2
179019.91002010106,0.014544665667881929,2117.945571728302,2.8205797519265476,56.73919020775664,0.3510312847575324,313.7061452536817,336.6794266228889,2
141186.320334003,0.350587558806597,2135.7171612714974,8.243881753285416,24.156526204341475,0.582011297842846,326.00988595875066,541.0510957455491,1
271805.345495966,0.5899176868546331,3701.0323928650128,4.295008711122752,82.90225595072265,0.5067033458335602,137.36400378948295,376.09409468734844,0
71321.18826240656,0.3922440450997323,1231.9468715530966,6.708744002985558,36.10910257087795,0.46266902613923344,12.479788686165142,440.51512305178215,0
401296.29339626577,0.43747492202372906,596.8468600004036,1.045799606963215,40.6896667910431,0.4967031492360995,482.6826078799636,195.043184139681,2
38200.77119620564,0.9041586944937484,1805.3796803218438,6.276207314298072,33.17650827458367,0.8624379203078192,129.1920576170957,273.2535260070131,1
493456.58136365813,0.34825546702330035,1471.8330086877045,4.572500019498568,46.4172051897198,0.9504596375422978,339.63301258601103,376.8558811672679,0
386350.13987903204,0.5139894891598108,1516.7251962571509,5.907423785437193,80.5401204550908,0.5835718861692964,354.78178558996126,569.9607901160699,2
100159.12508555203,0.7836530127411431,1206.3583676970543,1.763340656674148,61.550868760314984,0.9342777014927479,306.9536714543454,166.06598502822277,1
3755.536444677597,0.39654278232127016,258.3612886999913,7.395050074947403,36.390501932057006,0.5250469908735174,159.88916013575587,395.1004676440796,1
407915.25279896223,0.6220867002278735,138.47597693039836,8.641691067677963,90.22640625216327,0.6335058904406541,139.19264561321256,629.6936256620062,0
353721.81457996095,0.8623637087467452,4939.225829193356,2.2457240208986793,90.36654839612234,0.45822029847119977,300.845799937838,403.97612329369485,1
364774.57685245265,0.9495206236576421,2167.477011992519,1.0475740996496012,89.64627400368056,0.7483332295230907,433.7173386377873,332.75529780999955,1
385863.9029962869,0.14707348092903794,1952.4169034404242,0.3340220018587303,39.10369691052314,0.9852867806223662,473.63319581708083,282.50297957475243,1
37948.28121531109,0.9265876251614944,3414.2540493306956,6.455517854388333,56.099147534479044,0.722445167230365,57.42337317986003,382.30726409848654,1
179874.39854359202,0.4921162930795382,1130.3567449320676,6.1102309572789295,98.79917249127001,0.5504698588794842,81.64016323587133,473.05426435564885,0
58818.66070303973,0.25824438829895835,4752.307860553616,5.512304385869293,81.76099810479923,0.7534722121933698,472.64444809762443,299.1896881381363,1
431688.6095119212,0.4591357562382613,3942.407821356983,2.396276251548157,22.173393698044784,0.38604447492577126,369.5849380257223,345.3405104349427,2
312025.7652869514,0.980032575285477,492.5844614456846,3.9699693594645953,25.216367300839366,0.9220613561857789,442.0819432907377,258.9335872967578,2
166118.11440147195,0.4926180939928696,2117.0248401353956,5.985315718343113,57.114510144986625,0.6521587655458854,105.30315389699486,417.05450857071537,0
32715.616792725792,0.3287516102875082,4401.6356224327155,5.017991902705777,92.73761646892481,0.6145448194277494,295.85500619915393,298.58677026038924,1
156180.17853611545,0.6334008543167258,4726.423510342481,9.879076650127384,63.09614383621714,0.7101053519174634,352.06409923664944,574.4606885664862,1
163266.47769134678,0.24014561877819307,2363.6374806868553,1.4507535503116582,59.82500064274322,0.7373487039525817,341.65538329625144,139.47949991324515,1
365073.482990694,0.07586332810866392,3086.386376593003,6.981931085071178,28.437895996530447,0.3502430643585591,207.03508697901557,456.6627321135067,2
319141.17820625135,0.12887972191064923,876.8180331557724,4.102755804232491,72.54240837794353,0.7778320548563816,12.620471387197696,346.46641689399456,0
443719.1585455869,0.12804583895777244,4956.284699378034,4.339176187763586,85.76825284801804,0.46935217622087066,293.54839811811024,408.42937005361955,1
236635.2476558127,0.15190269351229435,1196.7749218480449,7.204217880015944,50.43360060060499,0.7997668427546127,130.28526189390635,523.3017644871614,0
60677.52872321255,0.13882717264941014,4716.5222819688715,6.95511789811126,82.0489480740262,0.8757743560689377,227.87585184073072,392.7649619434269,0
356909.1488242745,0.6408747448032146,3265.7509125122237,9.913434337651664,97.15813231206494,0.8627709552867642,479.0026024664896,710.9296651926237,1
380631.73925983184,0.18188008439914483,3058.2971346503527,1.3711034655958398,36.30131673021513,0.6867506771855223,202.52248223300518,279.9439694032346,1
281077.3215871786,0.3456672833238632,2587.8081295317174,1.130685528903247,61.866370495579304,0.6641189246175259,420.7017952988912,177.06402519122545,1
385712.62279732595,0.8967884099060118,1191.8155680029056,7.270954289574537,42.971036646766045,0.4000131729375882,98.3275998458793,486.33659342731056,1
247404.00258583098,0.47396164026287235,923.813758427266,5.82603047836345,83.42835352270714,0.842742305282195,337.8679465223893,437.4248469576164,0
261843.68186161504,0.6675577385210272,1141.406734897368,2.814190598942078,66.2074692704926,0.48998656631270004,488.618442447277,344.45636419411653,2
214342.96816091627,0.17231987120162984,972.8693976140598,0.8862517529909674,70.76659340402429,0.6476867959725625,55.437084932103716,189.08745304951543,0
13684.1442453035,0.19228901880867078,3908.943144155429,0.9480166710046624,83.83313276927153,0.4989918650492617,9.118371402460046,108.77849486271576,0
54837.82206965892,0.04086861626647886,1783.1200328753139,8.952489659174772,51.677637812996394,0.3936798540997852,219.6234823531441,539.9472999520347,1
16683.163657680394,0.16893506307216455,336.32124898881204,1.999486514715555,93.20720547256346,0.7406903878242155,50.849614110426764,143.07187281382414,0
318568.7952206264,0.2785903390319586,4847.058019197016,3.3013784649436557,62.6423093796912,0.33803242437603265,375.45025308973453,357.3498467152093,1
157863.634557087,0.17701048427674682,4424.740130568957,2.3438983820471817,32.63638582682784,0.82405166388834,457.70158860503665,217.6207606814014,1
254776.77489118668,0.08870253375705561,4642.373801816304,3.6144634277361796,75.67192945350419,0.5223107566827816,219.84038149083563,317.437709750725,1
453875.6704891204,0.12063587110060081,4974.793722099855,0.7872960431863243,83.46090803506036,0.30009428510313974,133.06226286694329,217.05912141875115,1
125396.8223452886,0.46077876803272577,910.7814836364621,5.238691929991877,45.34093416540213,0.6577903974660608,220.02964290827185,300.5605312544097,1
205781.07859477925,0.2063337184057925,2011.397993568161,0.7693643795629276,88.57434055990024,0.3327963359693222,363.1066698357505,215.51774993377592,1
378020.01813298126,0.36426986104807546,3803.280454735252,8.02352942744138,92.4914603812613,0.4933186904746296,9.481809982283634,668.5229623176778,0
115170.28458031961,0.5034172708548569,3495.3020593662714,2.413749610913287,42.15235899022471,0.7948835412190013,296.77972479492513,165.5255375585452,1
39412.97500456771,0.6903948286293653,811.7847363822825,5.446117954584655,98.68171781721776,0.3438827351353061,308.57938401925264,405.73084322539506,1
145585.97500397023,0.039312139841098936,4088.373968703558,8.812782966858437,31.256922243900675,0.8875369446492016,320.6556822134881,411.2205121579102,1
81449.4223397482,0.7994103989090426,1160.9808305914703,6.5436859535672225,36.1612534721992,0.30267394586100815,124.80092959053422,358.5494913196248,2
464919.12851894397,0.6279003894909078,1157.8971933719843,5.376282086858219,34.73798713904209,0.4727767084413316,358.4560980721727,441.4748833940912,1
404252.06940264406,0.08175903194887191,2708.023393322397,3.3109041558422185,91.51917680062964,0.8186328393064499,50.238785734229324,332.85583456444203,0
317068.4744987013,0.8735786241067772,2985.0526774664304,3.39671893927616,72.34340418599695,0.5213891048105147,103.6388165510664,290.47457475993554,0
435858.83450367115,0.9208724005318132,2921.426728797165,6.727920856462082,32.16834265778183,0.37132467164620947,439.3476730939685,465.93305800854296,2
402032.3663726581,0.06107795985486375,502.8598451188866,9.94197967608956,55.22587346946792,0.5521637431602995,370.6679596096503,687.5442036020619,2
94098.45938413189,0.2768776481472037,4393.431270020383,6.652207979508848,69.22384200558416,0.48927530046916784,11.8040492356159,420.6973278759474,0
446386.9402464989,0.8062012797930613,1364.720210814095,5.622055831963246,26.677126799150663,0.8898983315123883,127.9462488830511,329.784438805014,1
270131.7787159097,0.7482596903836584,691.0988603498806,7.3334400513685365,90.5933094725871,0.5193435423096002,111.13120908161646,432.26983802403356,1
403912.6374268672,0.18452101935637732,4449.302995351437,4.7055355616088095,84.28828283532282,0.852252730243205,139.04913237830144,410.3955932509647,0
448149.5586618231,0.2093493233367103,4780.474916237279,0.6954091917477736,60.41654188613106,0.9243105013675144,127.54208628854377,252.51619837474425,0
159683.73401096006,0.370472102791382,4317.531705463981,5.6667384771913065,97.37012922073363,0.6036721937035706,35.950516392708636,291.2369311473252,0
55915.9103393107,0.4845229851910213,4057.1045698881467,9.580490316603264,53.420878342007974,0.9369602006980744,232.17555571542607,524.2336584663827,0
114739.6461084289,0.618254771530296,3293.4478041631573,1.8354991293408307,98.72882552291982,0.564122637774235,367.70307001915177,198.61328299661895,1
214126.7865245019,0.3689136395697724,2776.7439845152394,6.931048419124591,73.43359990429016,0.9748548915430757,305.33220373513103,553.6409457282926,0
409189.3681953241,0.4625347161331479,480.58446156148017,2.0892435177246593,70.77370186031531,0.362502667167901,338.0714759560495,278.74159761950233,2
430504.5610449154,0.7474709381337565,2071.8434046999587,5.404694076283504,33.2763916236628,0.7809134865522699,45.16884337543838,451.81191298835904,0
4469.113135064161,0.0366832028905979,1894.8081592109543,1.0570968515025243,90.55422066437151,0.6456698283198501,475.9879015375097,151.81265418439014,1
255862.9039862053,0.25243694434402075,1335.7812296136146,4.558672268956033,54.19917503364921,0.571354163818953,420.0534577522973,252.36333568695244,1
209288.09057124073,0.7133495858845524,3630.9295627584956,7.586016956062936,32.97867246259835,0.7428983151240206,403.51970765535305,513.4763082687043,1
111831.7974248944,0.8952068376871993,2504.5848886399153,3.540958089965923,21.00860159806072,0.7926999641440318,412.3769834956749,242.3758705966396,1
60812.81829950772,0.5116774421156661,451.1787687428573,6.682626072423458,64.7804546910706,0.30305428875521634,466.6917015257169,442.5690357858253,2
169469.97053041036,0.5321134852653157,1139.906849651566,7.974954611818319,62.19196976981411,0.4168671621230391,274.40571322628034,708.0925768416695,1
471511.9422523471,0.10717201133977605,3432.130880115,9.279060412846581,77.54828978953269,0.7991322354440231,104.13959884447482,578.7492461326364,0
162278.26307835686,0.44741236682345464,426.8477544769859,2.42295661036899,91.22064424142417,0.7664697895047445,310.3078858870079,347.2867861714361,1
259876.52024993967,0.5326172664550232,4263.474224541405,4.053227566512151,26.352526771442363,0.976233253590074,372.7263393656298,292.60448520201396,2
351806.46048869373,0.24247050363472966,2500.975308719173,1.6089185319711328,78.51971922722899,0.832726453175548,370.26910971024256,278.8740291925442,1
182451.1715872677,0.26924323094938096,2428.9035577669074,9.925586671367915,34.99295552780658,0.9655408954119367,263.11726696260564,583.7320283073204,1
485919.25927775935,0.37728416310462265,2982.4185340646122,9.277309582450524,88.65416425257311,0.7917783510743648,38.887066070121136,677.0836044885249,0
481261.2001761135,0.02007119777772637,4132.170781329489,5.4455755897775395,85.52508110893248,0.5086365460476102,188.70090452291328,473.6905742387055,1
126639.36561685671,0.3220791655831783,1771.6555791158555,8.436129614326571,63.26350039884355,0.37375544557559953,460.77947118936186,539.5372275788795,2
249127.00444030034,0.21144800699654465,3406.179955167365,5.257483974993217,76.81942388986492,0.8472767043414549,294.30221032992586,338.57303913803196,1
151138.27659856807,0.32749735217791465,2850.3732217791658,6.273498311227321,45.14800905469987,0.7509044550331411,271.4743119115781,441.6933659717246,0
143135.40669435635,0.11976213181925122,1371.7899373386356,0.9823318779485645,57.69343191462517,0.33373020867530734,138.0824896191858,128.9409275760976,1
19406.586729911865,0.890527280739895,4399.218432458032,7.577177162918399,85.73095181683773,0.5520353261306847,187.38221535870656,413.9083190297133,1
305172.6026559685,0.5935924535540487,3997.258806954294,1.364363487988825,56.741215773857114,0.9697598708390003,448.1963141308188,194.0105280702982,1
251836.83259120188,0.6791023191444896,3309.336581559206,8.27806953950003,48.623861226035345,0.6502808019971409,334.8992085257837,600.9358488215261,2
26687.896873744685,0.7891712386073383,4260.379559016497,7.8420780679368205,59.53699578002399,0.6029103952137932,394.75657824240477,432.88051388817723,1
140044.58565406912,0.4984421989290573,4343.106294751022,7.116572507655467,86.25994019497747,0.6203897236115057,229.9009844184893,502.02462218445254,0
454224.6770973602,0.08692028808742369,3556.3967347394223,0.457987767195145,46.81664378966982,0.4462179068036146,316.9723736307982,169.43562149286146,2
120541.38344281923,0.5371065418185478,4193.215975400177,3.1009707238587536,33.900927450859506,0.5580950196053567,127.94988632788773,263.00797117282394,1
73302.54117352032,0.5868411180208791,3502.483735262954,2.7048144421173443,76.96112162646246,0.5588692791910237,354.2031109903257,268.467993023896,1
245236.92737850395,0.74543947418433,3416.696820213487,3.6653504339680394,86.07825701664655,0.33664851413123065,216.66266018315196,435.3472985934203,1
492839.57660118974,0.4316595462296794,3112.1263221651625,0.9676631929620015,28.050998281882666,0.8372973399625427,224.06002983329907,215.5078336353789,1
121785.5804842387,0.12758030279556376,3775.9473658103243,9.375882448007522,39.189929020475574,0.5915531023327152,326.4145506655564,577.9524658040186,1
336395.6381555334,0.28377590579872447,835.0952712007148,5.582642183052525,31.357759180879512,0.8755259207714963,468.4589076271187,416.311936757113,1
381048.1880490301,0.3630822963986351,4410.310258034696,3.1246906755144335,47.83531292657333,0.8952436007839266,36.683141571267356,383.17789221015477,0
119581.13445220744,0.6459172413316012,4365.625462338899,4.030117019035406,56.02807831243301,0.4483958382890606,413.2479024867688,257.466650219429,1
364379.95795731794,0.5707783046689119,194.77405102106778,4.527305150997873,79.90610695706451,0.76014743751909,149.7296396540356,452.8356175380176,0
184523.78322690737,0.35609672589784624,4137.792915295575,6.045883900270111,72.09180679053392,0.6305972629140872,224.74012998065703,420.0082719662776,1
316520.60946619615,0.9865152487929797,687.9058439935537,5.205226334195328,69.67428539827449,0.9161097165450396,15.847097743629433,421.68237609247484,0
317131.3256696865,0.6057748193568872,1708.8383285827524,9.20198053482273,48.18999572877235,0.45101847542351786,154.01780852798495,608.0160443932335,0
268351.5673533045,0.23722679173599448,3730.3658686434583,5.01993848076772,87.3158042467808,0.7744692402170309,253.80246510191458,431.430218312492,1
46054.59525714974,0.10178247262040374,845.7614854391256,9.922364346750795,57.70297339185316,0.7254264855769057,32.807158286982315,561.82611715044,0
417815.94529902976,0.15285913918433203,4098.936769389358,8.529107081676448,98.32839504121236,0.506711034300283,248.09238604466674,660.8641918732701,1
161069.25242089617,0.24595772838450813,4169.064180890822,2.1642540921376248,70.73137106365894,0.3956206325558208,463.91976128492155,306.17075427491824,2
94072.73668952726,0.16068137325955567,2561.9652821161394,9.31289262497477,30.101179325160217,0.7561478323340936,57.169642963363586,573.2401158615178,1
21346.795635827195,0.18656702405130576,81.61006499832622,1.2520273390662133,74.09420496603472,0.8170182206926315,383.3981603973746,186.55734023493838,1
295855.57865093264,0.2850951686938471,1470.8387592158183,8.192752114062797,46.00832123453592,0.520939140634345,207.78717142111634,521.6256242317621,2
339104.61655929894,0.17337359529475482,3103.788245959924,3.868170605418143,74.9061757348878,0.7513828228156196,329.31098868954734,325.58404956216833,1
9277.32663500022,0.8967654246264252,4906.871581235746,8.791945772406189,25.57129185299246,0.5765916353280522,133.81711600268852,515.7168063756897,1
256534.4360913412,0.08023374566164221,3177.4769587325086,8.693761232063759,33.99051497407675,0.7992448182978323,83.94866995797236,589.4412470311568,1
114021.39182377105,0.5245113895702547,1336.0277262675909,8.07866146116445,88.4589807124629,0.4394506924258371,84.42899406425708,600.2320051053658,1
322941.2224143155,0.4103968269896615,3188.328230343076,7.921301319439908,38.17436456188119,0.9231505018453221,39.8935130933566,500.92276595970975,0
88008.84807349074,0.9823786169086064,2722.9276295934847,3.116323477070604,86.9632900194352,0.5011867175259058,96.8951189261153,257.70468552699526,0
345777.9313131305,0.11203890216805235,3910.2347059981607,0.9011009022073966,42.34208707635283,0.5574501914293071,333.78859556953927,109.15630345439011,1
193980.93780396818,0.39785559904574164,579.5541621934441,4.089503769775098,71.43055280469662,0.3406643664562448,441.4368528625365,314.4764673315983,2
468428.2643796305,0.9694704332753689,3817.0881173850385,1.817892698366436,75.53204588078648,0.37805854862489346,407.9922143676251,356.7836856419698,2
69622.95112885063,0.8655071258939803,2729.269564446746,6.980015780134371,61.012380251604235,0.6611033318986297,344.14148338786964,407.57528563556804,1
171192.109174079,0.8170720709492799,4816.810419102024,3.526387292724077,44.4248541357385,0.48731487370958004,59.66377238849582,304.12584128420724,1
57623.287099053945,0.25790282704493983,1742.267221891496,9.758540988513158,37.01155010968769,0.8848361580195361,148.14778591649517,532.7004303651712,1
462422.11552100285,0.17088758739006582,3181.478371013043,6.445623565718787,22.655148364994098,0.3102853720584677,158.35440328462215,499.8658127183123,2
438792.33733710955,0.668643219924431,4663.539122274587,8.242557579980174,44.31571209925791,0.5653658340703553,128.72868846682252,530.6967228086161,0
129712.87222986265,0.9293759891275858,557.4231535538623,1.4119942601442996,72.25302324250265,0.5361418827383648,259.92780155631294,186.02707040037149,1
330332.03897105536,0.5567628930139298,4689.281011820433,8.633943374498964,95.06438547587861,0.3135293416423207,270.0991383654379,476.30436734710725,1
408793.8779004067,0.5716126894698998,3455.034325389026,9.235296186082603,89.69635858104417,0.3870578793003571,181.65855770969955,664.754523347197,1
278045.2049881317,0.2799790936602842,385.7934425706009,4.921912996307465,81.28518212282421,0.5895498724430446,180.12563357453584,329.27073124887994,0
265295.6385996472,0.7694929331919369,1539.7696563867405,6.101904083734676,83.0757874602639,0.6450052091132126,415.13502096351027,528.0594090542327,1
121684.29315932539,0.18704374855752337,3555.451838794144,7.671617028939655,73.19879227807962,0.5830028230784083,395.69995991824436,532.1552993110855,1
47458.281135143705,0.3236792364042437,383.3854772704199,1.8309024098780844,40.82294860528024,0.6716563748884656,157.35893668196908,169.93910253803162,1
448710.66321871005,0.4254364386164168,2931.7437778725525,5.07540415698808,92.57560245646638,0.716592172433977,457.32527971726336,557.0093206294524,1
450308.6105245019,0.507610378684455,1762.121131917136,4.0467639749458995,73.65858495246673,0.30694667478948495,476.6434334162405,363.64354081587044,1
316917.6271793607,0.24240973241508024,3123.5318129490115,1.5491025224062664,64.8352504784352,0.6248666116174526,166.73755830487022,324.73382464833463,1
170175.86573330165,0.11483682473920354,276.4230673719386,3.7385907806861614,28.879157537078484,0.9744494686213119,180.44034965256216,313.4710345043963,1
175255.57773171779,0.6106200424416326,4364.107190454262,0.7749058629163863,55.764443504514034,0.6633225960906841,255.28890594386962,135.2586456089014,1
363251.88375624944,0.28863055324025577,4868.770397428115,0.35553787879992116,56.8286616961541,0.7742795872212671,470.8548022041684,240.3621281221722,1
448658.019716336,0.5812382214226123,4845.945383664173,1.4381462626327455,89.16508876181359,0.5183047005418182,438.7781194054442,240.3551321877699,1
443656.1257082935,0.1543627152742023,3760.7765671274774,9.634839604732822,63.731857615023074,0.8417939647069337,55.77114147887695,637.3449674877686,1
390157.8973829543,0.4811401018548175,693.9268886466283,5.540342405360668,50.43204391763277,0.8410450373132805,199.40171791935103,414.06704723856734,1
321373.7914309896,0.5325894325515859,3803.4028198486617,9.661639395416877,98.14402628085274,0.6649072333578973,278.91873892613705,651.1892480777926,1
42985.842532529365,0.05182353682242691,171.70523647106748,4.381728995468307,28.857647466105256,0.9832096762954494,254.05057391301233,208.01196786126678,1
81652.72833321228,0.3366042781939206,159.5115800685364,3.18697971754407,53.80387426495557,0.38788515033385734,100.96221862876187,298.802831996889,1
449378.54007501254,0.13441467693897424,1651.8705847902293,5.1108044421184164,23.361974013712423,0.3118633654227067,430.11430172823657,400.77303812364545,2
303608.10077013535,0.06337497047276774,2468.7837925030954,4.45116571746581,79.19232966135442,0.8391107482299671,340.0856875834345,410.45829418352946,0
5589.328756698194,0.9899602323899452,3863.5167181485763,1.1460803741912649,93.44612417593206,0.8650088761554178,419.7646455516428,123.90937319182072,1
51634.29989015002,0.32235384497472297,3432.3121142022005,6.444180515433041,42.40298636403915,0.3841450603844033,430.0883182779887,289.07213707531037,2
332087.3827849199,0.8098744458546349,2257.218396564904,2.2387780068450365,88.66733414392966,0.48590798307102423,375.43614756454116,313.73531724122853,1
3525.7303392631247,0.25464065476376385,1404.4519980942462,6.233920753488513,43.37745843695182,0.3122866543566402,222.4092476186101,260.5184664421676,1
81243.21765733183,0.6815027222239293,4985.76627578067,6.536990814741718,92.86161293151322,0.5053160275463953,307.22064373263515,440.6524166615252,1
274818.16089392646,0.7602278598896866,2159.597446068066,1.6050460459736164,80.31695228774271,0.84119931174307,84.38087602927286,174.59895091296096,0
346255.70364865393,0.5956387406078443,2284.3657704318935,0.7073613083956147,84.39254214731508,0.6625723693988053,338.4544816500793,323.0011186232324,0
326328.66849179764,0.47157618855015837,859.9379148987624,7.829539702077554,21.44052444803636,0.5436669152178016,93.73036159094397,556.3842462081894,1
112910.38542081934,0.41184091414726853,3984.30726631215,4.65202419531627,97.02482856592208,0.5602175064344312,348.5050473025276,368.78684352155534,0
356377.4314524204,0.3488682665429953,3483.727017618369,0.6758215755042103,78.13367936562585,0.3009475380008277,118.65108957321449,282.0233214592959,1
119387.29466090324,0.9295291442478258,1142.809583304364,9.949176539980694,44.380087630890664,0.5098603692956651,63.18789357435889,535.3393041549095,0
163374.4493814746,0.8306194077877291,457.78617579842137,0.6720275538640297,86.35157318870776,0.7525211191465513,86.81582262076392,196.13925462985628,0
373499.211153894,0.9650269106665126,3418.4715452698297,6.980848765699676,42.521695873194396,0.9819361106714499,5.986106933439783,513.6044191902821,0
325166.8166245601,0.12429722348554473,3289.8305106916196,9.838421360107795,89.82030716529023,0.8929425788887295,360.77611083749747,692.4924242247315,0
424762.4818365948,0.7308674752036443,1402.6346586411362,2.4678830317376637,29.00643123295496,0.3165164752518704,367.53851928389764,343.447002376155,1
329148.83325787133,0.9383404568210378,4756.774633139531,1.5082687500032423,76.29487819686366,0.9289924232723874,259.89200820706344,287.0775708133773,0
284585.99306440033,0.18123306616566015,797.7365643154561,1.3017109002820462,63.25587813159282,0.848238889309038,84.87458652241493,228.15340420626637,0
47743.70914621815,0.0664962673667775,2190.0572651608795,3.102423960919196,27.722757615635267,0.8462632864996862,46.35939706779143,114.42269659404569,0
184490.18572665734,0.741120649290059,4720.898804829614,1.1003535290054023,39.35150626070712,0.6205970313025,14.468838386457069,101.71392366500125,0
133335.981473181,0.5744731131799119,2127.6502187843053,6.952397282771906,20.992322902185183,0.578603705068152,87.04534759778424,402.47753480294864,1
122750.8320461627,0.8418287767582721,3210.7034409372236,0.7166888014876206,57.50143723716047,0.5120410101832348,445.97348981665766,134.82974563922286,2
486532.26682147034,0.1397723766262895,2018.0922699158316,5.143279068682918,44.10122086080003,0.345986401268056,124.56073664233247,390.7146681076908,1
197155.76460871345,0.7952673118598902,1407.3652516259167,9.96729885314447,67.86859874382071,0.45976475444558934,180.36430697252175,745.9641045625793,0
446131.2310333795,0.20162732004774453,4920.68935740115,8.158305668109586,43.77902461668938,0.4726225444846172,57.14601481825993,661.3533800948611,1
315938.1743726342,0.1636559428657045,2076.203331259463,6.190672438487008,43.993528920558774,0.6388539487971411,115.06884585034429,478.41451917632355,1
397610.8404672826,0.16426579793099294,4475.791058211716,3.1319108457874556,79.45545589852827,0.8232110846176857,262.01616253620153,358.93609339227305,1
251815.90945949085,0.8145747202313821,1188.2752991608766,6.276568779287221,23.851426878268278,0.6316668798785625,305.837578132348,402.614190185419,1
288875.0384285532,0.6651972206962001,1104.8682849241623,5.317710492725351,92.23159961535897,0.3404911146130124,126.44939551227448,397.18371277908074,1
246766.32921561308,0.5230654247691193,204.11371027833124,4.318225500514678,88.18110995129452,0.9704528606917426,33.57741881643302,381.9963096676554,0
98426.25091122421,0.3588304841235025,3275.750785610631,1.3940327297279749,73.42437465811253,0.9599070233658786,198.56127021806233,185.54151342501606,0
361503.60551549116,0.8772005408131083,1874.2054014326177,8.87738173088062,67.45772560859075,0.8496326802038858,120.9306686085354,557.689865033188,0
141105.40885798703,0.3924451074226354,4328.573336706203,4.552868023331093,91.38419985117218,0.9939295310949543,113.67919199875196,378.06804453736777,0
13133.667249295466,0.8165994394715771,2392.389038123208,2.026762867025574,34.82641436229716,0.681137632960184,480.1320873431604,132.34170544712705,2
323090.67565767677,0.4391349085702184,4842.557468177873,3.740817573685167,26.31753297526629,0.9739378451772442,310.06874053323344,214.89523646295808,1
89378.22902411742,0.3769444294249076,968.3513027304497,4.199884550036377,39.16081359276305,0.35292352843172553,280.6548293701875,232.94925926284208,1
470288.83359210426,0.46267978566960644,4349.684681380273,8.292625166112055,83.56626229601522,0.5559765237829599,210.80867624404436,618.603894008167,1
477010.3599242911,0.3013778741641421,3894.1544213191214,7.36278236755788,22.773621338118666,0.45776688760473605,217.3274450479214,628.4002305603095,1
457517.3307200038,0.7476093801762511,3866.0631309880573,7.716118447049264,66.62454680667918,0.43708315889398897,272.74797689985,617.5133246018315,1
185709.19142746675,0.5027203900924792,4231.676979178594,0.20920951784360742,99.63500129530479,0.3985620642248732,349.7327544828731,99.03415616073062,1
8712.851647904847,0.2322126951468173,3817.0687551678443,4.2199245819796385,88.45568750700315,0.7356895490961977,352.56231761000555,326.36758657123835,1
464230.96273127495,0.8995745732745685,3149.790592075506,4.865307101189703,61.71565512348715,0.8469252990231135,89.98848431419754,366.88509955543657,0
214663.89001033985,0.3838912213732114,699.6621445278184,0.2900035405482612,25.091272742931388,0.7048088795942524,252.55581227793036,158.12516946780005,1
483360.7547027911,0.5435528611139886,211.004588481697,2.672150766575839,86.50988115085678,0.4028738967117468,208.91925704188048,341.56941329959216,1
481846.36856753717,0.9064721109645469,4608.19684668765,7.626869248909136,67.91828065417684,0.8677866389534297,435.9108483033452,589.1338442329362,1
426651.71827821265,0.6242379959139921,3102.4190568776535,1.4573860867170907,29.19463976476535,0.7451682950146099,317.5523660030963,296.34929196119316,1
147929.99714272327,0.11689804070836407,3992.859590332073,5.399570301380657,27.508582785868498,0.5717159942888969,268.589512875911,277.5079185685059,2
193163.7665723607,0.9398321236134751,2433.535639987123,2.2304985329706515,92.7701455549274,0.771891206875244,62.1203478785641,192.38829291951862,0
425717.19908691157,0.6277080530714179,630.6755353638526,0.21999566897454342,73.53602103504628,0.48193348546998294,304.79075521508867,183.07099789254664,1
159144.08057298255,0.3349056146570861,669.6696714026247,2.487894430235461,86.34294394534044,0.5416345459459473,63.01593331171554,310.39983217997406,0
85576.88059636015,0.13927207266338726,3443.548171783408,9.761150173609533,90.31831202258138,0.9422400901923931,171.91725490504726,528.0815811081239,0
278843.8299667167,0.794025189270296,2180.01417975234,8.035217407641598,65.74178816386578,0.5033531539699942,75.70677258309428,409.5480276304322,1
468141.2323062297,0.6200727559285135,1042.5973971666667,9.59980877877823,61.3957081404033,0.6289917877105555,347.5764552770626,659.2705738507339,2
348318.8685408115,0.5334610919763215,2483.3930063701127,4.929755034870988,54.43419282567922,0.9230987961772101,107.09479634889554,433.00464512701814,0
285460.52387459314,0.8938925830509576,367.83423852191373,1.1863883669072848,45.355727023289546,0.7954049451872691,198.97038972807286,250.32639001797318,1
49491.0703916135,0.7885972112245307,2930.758439476274,5.52479894083956,54.76767686869694,0.3435422583152919,448.35901492129545,322.696876923889,1
307888.6061228857,0.15167487973275118,1381.5173519537334,4.598335612143613,81.91037245841251,0.4031121309952792,106.1366097824903,383.62240454665874,0
495036.87120202737,0.31172206779554823,3997.9175481540815,8.459135119122198,68.15387448121052,0.30548911354034175,256.36350665959566,697.316728510716,2
70901.92360302548,0.24848913981446574,1586.29169667169,1.0710175497640215,91.4018631963877,0.7416452531604143,212.5394722771809,72.73623278072537,0
259646.49652950463,0.743946292572677,2303.339737954916,4.933587256515604,55.47040115033502,0.6133713977872928,13.971400317636217,360.61767417581615,0
438809.16289204976,0.03353243473577938,107.52167254509814,1.5854817804704442,68.56716629750032,0.39399239563159283,397.41526621854234,289.00519868489033,1
370643.540259348,0.5698896848713165,408.61209458306644,3.314291676211594,70.5046042473591,0.9705538847397392,39.17772362572686,369.8731861999949,0
348810.8547566387,0.7624586857406905,1992.8431042130899,7.399835066139216,67.33577298450604,0.6707618067619339,239.75623538359204,516.4804480589142,0
351539.55790956755,0.8767656367617495,2425.6972318497615,4.812579480750789,76.2107018468413,0.46932530587902244,282.53575599478023,424.0235938425431,1
180386.08445865783,0.34208174871590746,3020.1017131905533,3.8212940229431167,38.9946774699845,0.6504224998082953,316.0710960242206,159.75883628408815,2
147502.3302879822,0.8212573046720129,1493.729764611051,4.0053151578433495,60.98910220366325,0.7757342329145754,345.8726565073984,272.59313856553297,1
404871.21658377827,0.11063173695520723,3490.1603363263857,4.648523007219268,28.337984224667814,0.3533674525814951,130.36982984374396,404.900935188488,1
405246.5839449112,0.8464522917345182,4307.605866086563,7.871663783986863,50.760906211585,0.4922926705335244,9.93949444593244,516.8033688816676,0
433669.0869714717,0.12748866233198242,3910.2623950220814,8.931638420508321,59.01336548970115,0.8648758436187955,363.1046128656814,638.6452236860385,1
456707.0357256792,0.39728729056036727,246.11318547436787,9.55781339638889,72.17794076363779,0.6217654092818629,270.1500166770514,709.4243463409209,1
256159.85703160797,0.7972953657795536,2428.5093889262535,7.890343523927421,96.04248420689628,0.6826039994226064,418.87826308758815,550.2801574698614,1
251256.6310489126,0.14991742734877378,569.4043831699656,3.2225282679053264,68.05208532386847,0.6029712015466284,411.5872396358437,313.0786765836371,1
399349.2943044208,0.22925139523264149,1248.122828519511,6.912533590256767,79.48751329412478,0.33072995985010356,422.44645305500217,496.7823528340587,2
325332.0014581048,0.7222525683930663,4933.979836672375,4.432270928148379,60.50128475961622,0.41602484587410915,245.12185668987237,369.3838676196643,1
351281.471751594,0.7200365365460744,755.3529373624905,2.6212391582559067,70.72832251010651,0.6118791471193237,170.1460559392485,337.6855304278411,1
398100.5420486144,0.6411476328852973,2519.4963595842123,8.424628636316633,25.674577290701876,0.44642982578554946,396.8213102827281,574.1848197695397,2
445112.6655669656,0.6939484444671,3109.8708848746896,0.48042085472701745,40.35132646734776,0.3349853200617751,228.3905859494812,168.57960539559156,2
169659.58326891638,0.5427244433475962,3527.201604193315,9.027443722140692,48.948247456411096,0.8905547648362766,95.80388721970009,562.4291287586603,0
188415.89336733206,0.25179905890695276,2820.2609832602247,4.668626899784868,57.799468400521086,0.986834770414881,428.2121396829298,383.486070931795,1
47896.98798059363,0.34569599350391944,98.36569472495911,6.408294620401976,23.6518996401907,0.8552000117977177,441.8671390023119,255.93866312559368,1
289561.7903570908,0.18159771680142567,1665.9834758077598,6.627603829837248,31.201927804265416,0.8976494451932668,235.82332928938422,507.40435965105,1
18935.194624574302,0.9084505613336283,2612.6726347543217,8.96166563299471,42.14514462330446,0.46938399122193175,42.4713650183448,479.09624772635874,1
233333.41104809762,0.5833917947661205,484.9391707669251,6.403029853455353,97.72261527208406,0.9724388828592399,196.97391450888097,509.14862792129253,0
271779.67271908076,0.4008514167636399,1785.6033094854447,6.177942489124612,46.50776056824406,0.43784799311739986,402.75114143398866,496.80113302246025,2
143984.08481201393,0.4620058036441327,214.3553885172645,0.7598552015508306,58.5632846489666,0.9660008672532825,451.3781441303832,71.167585308589,1
295825.79702393635,0.9472833396118153,438.96356091735265,5.23223941725752,35.68781701907143,0.9963735057761656,105.71900753630995,350.575476867751,0
16219.624719585665,0.1533514031160802,2014.7702171979006,1.5866731080887124,68.86240568606146,0.7982059640222341,38.15193795250941,138.63451371258756,0
19636.746185857995,0.5862298320167972,706.9429825131488,7.400594310342707,42.45465724127794,0.9868006122542752,439.2884743007551,379.18772055794926,2
411477.6797691695,0.505888678884466,2859.3271988947126,5.170997016045477,36.55940627507414,0.6986778456969726,197.75544479454328,505.2993897999392,0
180735.1300642202,0.6114542354346478,3462.8515972294654,6.834255014162697,61.32581027567832,0.48167924822326325,273.1716773124438,414.4204953117396,1
64403.195813290506,0.01811018382084051,4012.90416058996,0.5125617159636042,20.440463932833666,0.6058971199659346,484.1925769651257,37.61216950065771,2
261599.38676734737,0.8721239089441515,1040.74370901181,0.9394409588534519,20.613122611938024,0.7154926547651501,37.94954031754031,156.28443816496366,1
385226.78299620684,0.9321182824836124,879.0387821823953,7.191601541820554,37.52550472814862,0.3511570934189105,325.9174136887873,452.5661404142339,2
108694.69272092475,0.5651331835892089,567.6108096552813,0.8136349263868663,22.93770900006569,0.7356402852320723,41.682184174559204,76.44382754787324,0
311822.34743368113,0.6966508238768923,3200.329735241002,0.8054416048760601,28.64206033045531,0.9868244857336061,190.85711959091768,178.3335078668714,0
43588.38503189023,0.9224993811772957,3547.0548461101607,0.21987390482538577,47.10885194710013,0.4330753548486093,402.8881998707561,54.53604247881093,1
26789.17886313524,0.7072386343133986,206.3514168869281,9.569363843164853,84.20685436638503,0.8548165814018682,219.56875521403902,566.0424572385708,0
266145.9611525058,0.15253904291426135,4684.250618906264,7.401332758644169,65.76389146954406,0.9355291556457335,498.6052651819605,489.20771212508566,1
270776.92568344314,0.5762883601668132,307.25785407478844,3.597188944170435,61.01341807651331,0.9605911149741546,281.73434604856806,246.38242753102963,1
319077.5208476051,0.6067150463828559,2729.4168597402986,3.035702254747787,43.47910585664973,0.972094923083813,163.97526555479698,307.0671354152825,0
363319.5755276081,0.424130671302386,3559.8495712820363,3.562061974483911,94.54029755462531,0.6650217471050304,113.9551063228528,469.3859225194654,0
487950.18765180476,0.7364442356247228,4361.297162543124,7.7690699586937,51.76120329897533,0.9841155355940525,178.5076644716501,587.5198390683737,1
258633.87380229647,0.9343670147690148,3584.7303140555177,6.647569049597102,26.96742134366172,0.8301171449941072,189.40397051097764,448.19924182658326,1
162155.27999768173,0.9255685129067763,4018.5540111954697,1.9334361218879328,69.3653212894241,0.41317000536587334,39.013270473360684,249.31984913896827,1
397797.91118958313,0.4508393714041321,1730.27845308689,1.8236824198074353,29.107071478128113,0.6338300745275789,187.93922871625273,176.16404099803987,1
136145.29337977504,0.11323804584075525,4083.3843130452356,1.0741169321626336,47.61785142413537,0.8028318227604028,234.79806727091633,227.2930189526798,1
220046.7389321124,0.9848411989623346,446.568489604142,6.636996925043247,60.592955097424706,0.47313822107335834,362.75518735820833,468.5732628503609,2
40149.734289790715,0.8388980864459341,4479.342447499612,7.667289355995186,89.93780197481406,0.748430628484221,330.0810949371959,566.940035015966,1
13650.020964313298,0.12466268120326685,2760.5822619609944,2.72395964041754,59.48372642720949,0.7666203353326334,355.83899933843134,163.12506496118104,0
481361.5589242846,0.9208418826173723,4095.623961314344,0.30735511420603684,76.18070128253314,0.4138898206659961,9.140022529044263,326.8600207980116,1
418154.0801355907,0.8698963620621283,2288.9755083655855,0.9134995080166307,99.42534711992563,0.6955597187169293,112.74536279236534,309.3043212631735,0
348291.12884075526,0.5188380571260721,3235.7095912227987,9.681814344965801,30.519129591838528,0.8401388376850254,332.53372275792896,646.749189784973,1
205067.51926272066,0.5912754357449292,2655.6931716337604,3.024903297026461,41.97852204156156,0.6492269651751593,244.57473724897483,266.4451653893582,1
87473.86571535205,0.39900270387013026,3671.3681326888927,7.715309163597523,51.56608604781171,0.3084721817432752,7.6301704558312435,451.14727303857103,0
79062.08429287194,0.05476163882203133,454.0684110514184,6.284169331657211,53.74625428310651,0.3063269283555045,403.2248480037521,451.6999290775223,2
125871.20618413307,0.3351972416459009,348.7428157532908,3.88120243256367,52.88168602124366,0.5499205407790085,387.540738778717,291.7211629970694,2
275064.1056883541,0.8028534485980114,1273.1610083502248,2.136303895735996,92.6088802045244,0.9483358479022472,276.4674856818135,183.58982151847277,1
357583.3654273311,0.004632023004602859,839.7461665602823,1.3017255397781238,77.1226115573485,0.46007374572252613,37.8993462592547,193.6245750891039,0
330438.4909821479,0.3334991716911442,4365.328654631398,6.1886283835847795,68.6324171272563,0.744054582210181,384.4249495186294,467.90309599150225,1
140687.01457602548,0.3981686935909433,1135.1092374223194,7.768874428314101,44.74981742902257,0.45545310948532436,293.93822592702514,490.89959237581303,1
477477.7750509339,0.5373956029379229,4880.5330163047,6.474652110057193,85.90323073770358,0.525168992761684,392.0701886931898,550.0497443108486,1
369210.5614311885,0.9198556164127605,1717.634169266979,5.349991119166667,96.40484091879911,0.8936294627210388,377.114761235941,535.6161047961722,0
277622.67220318894,0.34634599436596125,951.4836826590614,0.5153171119731991,85.69586260401812,0.8102030095889627,402.48602561912935,97.19342666170348,1
306248.65237094177,0.3469532018962277,3959.007610355272,9.6880388981844,20.125208415317832,0.36677949411924743,261.4139928702893,603.5811458610783,2
210380.43115146717,0.7375012481097484,3310.6034887293367,8.007270497380288,70.91210961467256,0.6000914146905034,74.46063650578992,443.49080255976935,1
124617.76376107757,0.45221794088980716,2516.068796443038,2.998938163339551,24.090830515368058,0.3204188345516851,337.2229493229459,249.40868258487728,2
178630.36664697953,0.22460482293998196,2799.0495771412748,9.80170626065262,40.60857762669775,0.6366231026221063,312.13452360072546,579.5600649313225,2
379165.20912172017,0.4524395161326934,3610.048802447706,6.058627737399589,24.761976027821735,0.7637038081907477,372.41532766354817,462.42342423552316,1
8182.350826248178,0.14085702037979986,1180.8509695899288,5.86598431625174,68.30363623595102,0.38295183651870607,89.09109799511397,320.8634092669242,1
58920.2476129512,0.1763869865062233,4981.8528844808725,7.505924476352368,74.92719307940854,0.5022194572364159,101.51272395064316,531.8727377637999,1
23955.318368854623,0.49836777273947974,4875.226152626577,8.136520902092363,29.159011045272408,0.5784856378515097,445.7527110235676,495.2578848634895,1
21323.6723571661,0.4189254495045479,3269.1121474173374,6.5991382125818765,50.707110643598355,0.9436717172592348,376.23901023377505,416.23833813043643,1
427874.8314214926,0.9148459010681,1037.7351320992684,1.3681478890253804,56.498920716443365,0.9952785107960747,454.5731019066598,246.79290225098813,1
352125.2718306318,0.3623938991166331,3417.129800034892,3.4488483093455344,49.52424174087333,0.33143790929693107,380.56408397614075,356.59710302209623,2
237612.74071457528,0.5805883502780435,407.38212444692044,9.288028039227893,29.682000038815445,0.8327055464467743,300.59187646519945,530.0225958152151,1
49819.24616484974,0.6322642879195304,201.72988591874002,2.323694557254134,53.515823214998036,0.5602068464816403,328.79570482879745,227.42410787819523,1
246316.32168329935,0.013094456588333636,1325.5302981305076,3.784453535991382,80.09424382467344,0.574720730360636,445.11832235030494,425.6858618454284,2
237262.41361950227,0.6635373720167106,2339.983635859616,4.37756114114754,25.680613162660435,0.8279854813429159,291.50934348341053,369.26792230484745,1
87427.73308509757,0.17803596686975143,4347.948901771483,4.450109397975076,26.414401126552278,0.942898502501786,318.0337055425518,238.66806746046484,1
217491.97296974855,0.9610703174694551,3649.4868953432247,6.168101866695802,48.38170334687874,0.9656500161517838,82.45597442178229,440.10525443624863,0
199853.86246428936,0.14866272775311296,3726.397279939906,9.436450793672606,95.33805692951401,0.7039858102268245,239.59100395747083,562.4596781644987,0
308309.198928056,0.41462412372702373,2156.192005517973,2.4828578471417995,73.48581173783313,0.549984811510352,359.616570419259,318.7409793321237,2
317911.73178295424,0.08534966807864386,1762.3782131074665,1.3028636253790888,74.29359653380519,0.8512843601011455,139.11663566660087,257.3404679807728,0
23606.700876250216,0.9968742518459474,1886.6418767737835,2.0549578496133796,48.9535992670292,0.4757009682836102,105.11581935964479,65.29268503396504,1
187931.69469860915,0.5021950103312426,4938.865340493487,8.880556512071768,67.49286329668308,0.6948518201834624,160.3442700710857,509.81100511423614,0
313304.097941404,0.5953850173200438,248.54049749178827,6.493527045286539,20.81049472221947,0.5510049230674112,124.54281085645256,425.32113153177926,1
252064.99303146376,0.06707647738842748,4341.805905806121,2.9304772134676855,70.88768371276338,0.7596417515955132,111.38175533301595,277.9880549385455,0
428388.43075297284,0.7499604703991778,2914.4432724333474,8.177874695789312,93.06295580609894,0.4682792390254548,215.30116721970305,569.999373050516,1
329688.12217785354,0.20990559309558576,2221.1463249884728,8.627562963998017,69.00587746758553,0.434115062014378,454.38006437234935,618.7393987884516,2
82304.27911363341,0.8980542894407137,3640.025419054926,8.480491953033752,89.89588747730761,0.942767360672806,255.99452513566555,551.1854493101108,0
36213.80495281449,0.20513964048200717,2459.011260052279,9.197372683031588,77.9178444372875,0.37126257806467583,98.0205885035849,538.9371634757853,0
321567.2198249515,0.19068772066366657,4373.445028504219,2.59718609971628,29.644673312295218,0.6541705354144521,43.100976343532665,218.1845692376765,0
14229.143960269284,0.03654966784809488,4508.474226855729,7.574915094588155,92.19626458286734,0.4545969480741062,349.597291843273,527.646118821184,1
293302.0150554582,0.47206694510999925,2137.5185880236045,4.659341023013986,25.31550754846199,0.3272509743279672,194.48538839601198,429.04351887021346,2
470174.89047105383,0.5648411332626164,1420.2975963135052,8.435785673611608,62.7173978038211,0.3252131728039985,411.8063185597528,601.3810744333907,1
288161.6147600636,0.06570863942835237,2982.134126537143,7.312057703899971,31.370969903476613,0.4226552404740791,331.45783047718123,452.8139936687532,2
194696.79317705444,0.7755276166950106,4566.198560802621,7.786829720347273,20.936528858472325,0.9067392481542,399.1395180179774,493.24743609955215,1
322000.82100273424,0.4532888347480276,1092.7778355780495,6.596002193042608,53.76274081021112,0.4977351207839186,139.61328951213213,462.26162777581254,1
229668.1923552668,0.52439026932758,3133.68458863924,1.8565448177500983,43.6032566123325,0.9653214194027069,347.71766661822375,198.36109517325576,1
273262.77786865155,0.44076274693822814,3176.2230894579766,5.495766497079689,58.88003950380824,0.7071356050924354,135.7106824233908,452.62985530462174,0
470790.93957948603,0.400763060875326,3678.909460955641,9.848230421292632,66.17599093876407,0.6056299328381363,469.83889732789436,604.3569895018769,1
193665.21626258636,0.5596403313082179,701.2600413799361,9.380141858321478,23.499125784715787,0.7060621842686181,320.0052693590203,616.520899822199,2
480634.09134813317,0.1552402459307125,3593.3335751763384,0.5274199843904156,29.84026360989965,0.6616888696583874,165.63334108679433,204.03551645032746,0
452769.9703360758,0.18192813049527112,4549.7109772949225,1.7316666757214276,64.69139171603402,0.8311433776301276,138.40837183467497,266.53105937481916,0
98699.77625985892,0.8617856210135173,939.4313889076977,1.404114857200163,47.45338825381266,0.4977472461809965,99.50865961046354,142.80735628070602,1
35611.289136707564,0.9461154621336327,1225.8394583731942,7.2872011088544255,78.33387900395584,0.5471352741202117,348.84727465239524,451.49878893871534,1
51288.222687335896,0.37330931627975295,4858.405715506116,8.196074765583756,72.18333188735517,0.9258660117732755,113.26422843397401,410.81347180049744,0
10092.691000123314,0.27074467314355377,945.8359159119743,2.213762526475652,87.64834903919254,0.9625195592052838,299.6751166341071,276.111194035674,0
48127.03741720827,0.6439995432390158,4279.206212179417,5.107941660223107,75.39942613353801,0.924790759240532,135.9943383280519,347.3009019833868,0
341820.3799347621,0.4087341710980964,2486.775389417772,8.42295997731088,54.394486191211854,0.5936135957701194,332.67462767296496,600.2387055595532,1
36523.135581654264,0.02538635566034486,1273.7938182957264,7.354735293185881,73.8373297915546,0.8462558521048171,408.3951656275669,500.10852365404696,1
160168.8395165869,0.15615259736619036,4360.212011298931,5.468148334369298,42.03049394043348,0.6334350133107691,390.12249535660334,312.43043963585944,2
422592.7801737578,0.7159722288473975,2254.261012263194,5.944442135541851,44.505079902257016,0.6482778965022715,381.62140881073697,492.1786156832383,1
12612.695932177106,0.6589239419101514,2598.3459019519664,5.132769414471172,83.11881279366347,0.44327607634009875,97.92259081766477,330.15903775193556,1
407419.77281187894,0.02709599250348349,1828.2051785288402,3.0457296680563237,55.71356131212657,0.7137912122809615,48.75054875733676,372.5645153193311,0
141645.53261192655,0.22197216193294944,2985.106714602891,5.693717729304259,83.8704272414682,0.4302951284273435,350.97967010125586,304.6886024726844,1
59964.24898320647,0.2310747965880714,859.4431692958627,6.919964490295897,85.79378989346228,0.5320952893470356,187.3318708282039,444.8265740911556,0
348671.8455167112,0.6718927435987284,1985.8536064262155,8.745896867021996,88.6049870129027,0.8985211411339546,219.01138206965692,600.3603512298178,0
314842.4805431621,0.019710537754364155,4848.5909955596735,6.399284404394556,93.33081886729659,0.44495306644759863,20.418800932728576,529.3609307816807,0
438858.5347499994,0.10410858198457384,1327.7604918705813,7.635103216727264,54.4788176410637,0.34981079962140293,133.49034239114934,591.3937482708369,1
367800.450858139,0.7999160853731894,3300.8464894793965,1.6847091860502728,45.509345465691105,0.3483053148289714,21.66981991785969,204.70364528454513,1
401936.9842620394,0.1785446620543336,1659.6908179122397,4.66941899675592,66.5758997275291,0.9585491643521755,440.1969574376176,385.01925163513476,1
141735.25171308193,0.6527461078518747,3878.6919721486734,0.19238303628822362,49.69379387501021,0.6548443065732842,125.48135819317258,96.30025277547949,1
89542.33234608169,0.23818278104672652,697.8246205558316,2.542120758764068,68.08593334401863,0.5865884502719128,280.881898938639,177.22255962028615,1
375556.7610687883,0.09944139275934516,4850.614173138796,7.291970979618748,76.44686901150597,0.8676150067055428,24.294763727259554,595.8116310856863,0
403610.53489436477,0.24317219099945409,2296.2582298490142,9.918918518358698,75.07240147937095,0.8850781495373612,335.08945869630077,673.6411278432429,1
495262.065858336,0.7222669318556592,1218.4497935649965,1.0818631859134376,49.96423096160971,0.5325337231809232,164.89853614827646,107.28659904870028,1
206896.2207788018,0.8556964681062857,413.80889928356265,4.074793727026754,33.34881613590022,0.7855326402316567,449.4699975440446,280.4162658897881,1
186637.0248105988,0.8302198645669916,890.3016301833267,8.02070259012168,54.4423470769766,0.8397859710963205,444.61850352234774,459.54139298404164,1
388430.0674102564,0.3971835296184548,2622.8810453522874,2.1199527828260987,31.4075315265527,0.7582554808061681,166.01885608906514,172.37040011788724,1
171060.9665862559,0.6680851365706462,1718.1657233348672,5.595340998092634,91.20776281470467,0.40611655236006955,450.9756433667816,360.4217707840845,1
465447.9054761788,0.20498429541582097,4152.972661118917,7.35740583069378,47.67019685902859,0.9131181584619399,498.0980483818955,560.6452836282198,0
429347.96316966286,0.29314773026101326,2182.893242125939,6.198255957575772,32.3567797778659,0.6773661869152061,413.5807537413543,537.5060080199648,2
215068.01966013416,0.8963358185211198,1281.135649308768,1.96144487269262,22.035820792460072,0.49773069845900253,423.21131713883835,200.2876940183803,2
375684.6628279572,0.013001923510736035,3104.867683689949,3.6183072299888206,71.66579090291874,0.5976597298063857,128.2593243739995,334.9613818399599,0
377516.8941682565,0.08550853085446808,3548.5472235829566,7.859538666405433,70.95218539637946,0.32629976327923516,290.4676874345894,599.9793967256633,1
52458.81054913037,0.20788625514602732,876.8574441097018,5.586842489906965,47.248333326503335,0.38950676085569225,38.29167741384709,319.37358547564105,1
451373.9004331038,0.026532203873819715,879.7151206271724,0.1517731740748361,25.736951107812082,0.8358827253611025,51.984378726726504,134.00776148332778,0
253120.93385148072,0.18143543508979731,231.5235633210377,7.633808524278129,52.770311591618565,0.3000081443287563,499.45184295647886,452.67888454932,2
413402.27558776306,0.5830415609696922,3695.1899745749206,0.44958241390836684,44.897399605071485,0.5915960799376045,166.6864284658259,103.80576263923278,0
160704.75091427527,0.42142455059249795,3335.8324117279353,7.482764449039198,74.16965117880075,0.6657571267599118,375.35103646417895,477.02311357707094,1
447866.09101960406,0.8926717110769748,2399.4228349615787,2.1045575456358505,68.46233995621523,0.33824409400068056,404.29920124827413,315.95271903989556,2
195211.6376883474,0.8174435617384409,4228.643722397525,9.584927453181864,49.167498255803196,0.9811547140806329,429.72151914857847,582.1461787206562,1
6407.988088668882,0.34181735169787597,4038.067257102763,3.7426134378906366,37.43140434039921,0.45828773187477034,498.8260072140675,205.6861262641638,2
452785.6062332126,0.2594234334312925,2947.504103763923,3.3366230017469833,99.04287729244734,0.5129391037453965,124.54076020214958,354.42240621492124,1
46552.05171628064,0.3796924081672669,4347.94283854063,1.5739916982912023,56.32012969568919,0.5127597585785191,24.973659295551354,179.3976397093819,1
160337.505157617,0.5902949425148077,1068.913989682003,3.1254817333531277,75.06193886241897,0.4612916634821449,208.53980140732006,213.58068108003124,0
475080.92155835166,0.26806364082287626,604.002116018753,8.778842542099186,31.244237406268862,0.301031675460418,69.38993156532874,651.5120366709074,1
475352.9663218405,0.624148907849134,1385.2605770090986,9.963709942509748,58.84717597275183,0.8105413558615975,16.10081513521729,649.5277120484552,0
287145.50617351977,0.4094116521912404,332.5799376421085,3.746264352017799,22.202937589557237,0.9767918498594996,183.41127943503562,258.03804517485133,0
316286.76887272985,0.5520471808519802,2679.2891636051086,4.5412452464499715,60.436409432835994,0.45700543829953155,392.95043428224204,309.04544288636964,2
224774.31546718156,0.4361265291353167,4686.198176860059,7.248502288207097,97.12139256941619,0.7641330342623956,285.2594421564101,501.9086942756436,0
147312.1750773342,0.29446575954191767,244.75052630912276,8.873338226604238,50.736537038864014,0.8193274288711005,159.82510465912526,587.362723816175,1
165003.60813958806,0.9484533069621567,654.4440743496326,5.971138908449163,23.119681005992927,0.8938977653633673,328.8992927188963,396.95911329252533,1
336586.7095824422,0.7636057941597608,2288.3851900030045,3.976104411960511,22.47646327354748,0.5958404379095263,119.8489992528613,371.17880234770746,1
376434.89018940233,0.14011317576645255,4672.681336763129,4.1849562244013745,51.03894079574956,0.5120516339483004,12.118815805682086,399.32434636933573,0
395997.9428191984,0.8684679758979128,1614.972719634915,6.986619650318388,32.801994917055524,0.5277065938161217,383.35492628603157,445.748868852216,2
395019.4532544824,0.48743119824951364,2560.8123030075426,0.13186080968235897,21.868167706254873,0.7988349331689589,313.7528270076845,130.42758295033966,2
46511.84542129649,0.8945522268940914,255.78565229944087,6.233934440852423,80.49708911601414,0.8717456265539452,382.3397991279752,367.13740832915107,1
247715.73204658815,0.7998552559473152,784.2988447623399,3.6193808033694386,56.681840710551256,0.4271297774296219,24.274318260394477,378.4943456949517,0
29721.821248305496,0.42521350446923345,4933.819108646292,7.962553579643134,43.139581757812365,0.5596587057104356,419.37421577617283,390.3443747931451,2
275214.91227954405,0.022469308320117398,4827.337547358426,1.0206073342490085,92.00665464131846,0.9313581377244049,311.66546901797017,270.28637950708764,0
221323.72018531512,0.2686773593849461,74.4529056253276,5.923202442789066,29.29111681604205,0.8646854637863175,283.88069860275687,436.49604851652833,1
443964.3871963916,0.5416342146608669,4761.468337845033,4.861631609872625,96.47350631642554,0.989400881933733,314.18395381669313,564.2254130547786,0
176106.59126348727,0.6334782198261473,3213.6436921867266,6.459022706461751,45.117337390188226,0.8279737817774564,432.89445719984025,400.41612046084714,1
59416.44119737532,0.2578876854332023,4346.19555787411,0.7420505853813867,91.0722937846945,0.5752366407195455,295.533570746659,181.61586339198453,1
72352.8493443651,0.13935607407282413,2300.9622853876026,5.841839495538499,68.23543011835693,0.7134464837962464,292.57043804464877,496.11585152553357,1
380993.80522701866,0.8349302367992991,2602.2003414672886,5.658697420799284,86.136588779319,0.7627099779731241,495.3861827475541,452.48751754070395,1
309490.8135948143,0.9844021807035521,2469.790572271755,5.650534934720092,98.72105305683715,0.35491907142198675,379.58143269894117,397.3430314946681,2
51460.215385272335,0.5256901823026858,3350.9780748532166,6.074527899304902,43.07243502549966,0.6811478713727055,223.93543369831195,268.2363929109383,1
42969.29625138372,0.1716792858483035,741.2737110437489,6.7970325785409855,96.89083883260744,0.7965245799308267,355.16151501629923,485.26885807813835,0
350783.59659810085,0.27230732651936895,198.36926986975587,8.06939109683962,51.15855159219363,0.41712491280074226,197.6690834874353,465.70567501067563,1
37308.74017573257,0.018390676547466733,1574.253210876395,2.771225129269322,50.84095237895379,0.8464422021978899,118.293353929332,181.97887824824355,1
411108.16958588775,0.914298806560499,3538.169775546401,8.267989160782614,47.230968340360455,0.7086409463598782,300.4416790594409,605.8285366072056,1
353414.8713510916,0.11775108289014113,1049.1745880085944,5.032731254408191,63.312608587806814,0.9665552499883161,464.450138566406,430.23240955503957,1
41593.04154030798,0.5765164755142536,3383.4905449583407,0.8628769634298785,32.33160345427897,0.3296956087448242,464.92406240765405,109.22560729707389,2
43334.01932851077,0.274055220687206,4851.064628230989,0.6796541995153941,64.2969188286409,0.48572829628882686,174.2431126622177,122.39432739300653,1
493333.1496720865,0.5541780025157934,514.808543157621,3.4089593550910022,63.33638499280032,0.7210877155098768,266.200345779739,445.7275883146461,0
187761.12708230404,0.6514203883518642,3379.380485214375,7.870480073403528,80.9521450083896,0.5075919385441514,109.7597697920813,483.18866776631734,0
185950.43138637856,0.8297418037072016,2246.563585557627,7.106041253935066,86.69199695500684,0.8000969148498696,497.83739920194733,463.9294321447471,1
406586.9840614938,0.2064212717606032,4347.3041591686515,7.907288150256823,55.23530802499393,0.8313036977653516,490.65336439462817,533.9428384927421,1
473677.0401145455,0.010995828658480478,926.8914577645603,5.220963658771932,44.1866599481195,0.3717611748465321,326.5069202051864,488.84754551421025,2
493014.5308476126,0.13688563006880727,3478.498463519514,4.457970079759356,40.746791785367556,0.6596981249447373,403.1849595403493,456.5695844473723,2
376935.71444421186,0.9000186418481051,4198.670683758146,1.5597800143922111,35.569906936389756,0.6562233889137391,358.9745798354315,249.20088795518924,1
188753.53317992698,0.8738900775625152,4725.840386396415,3.3491082607321845,24.61180657592199,0.5584965391508787,298.61331842453677,307.8679629110057,1
42666.857632635714,0.5974131021703083,3432.077740033747,4.396791725121365,47.395838306777065,0.9530474037987704,31.40725850950436,221.13343848381703,0
388796.311047791,0.6005168604336534,2511.015081841715,0.9771442538282106,41.61981537046266,0.8792544239112547,230.10834956356723,290.47712695376737,1
279643.7206181667,0.6650366745462555,3108.3438389960083,2.2840583318409915,97.31339086931258,0.7880465673367457,339.0192195728682,371.5713547324251,0
212686.78261424118,0.1753712786234496,4351.0796731696555,6.0224304112310145,64.61670610000351,0.8000286450144982,340.3781488724239,466.3253613081139,1
453270.8381622732,0.9144119459249598,2874.518245862207,7.383064830967979,47.78216312244061,0.6232013006691833,189.69569611907988,642.0066015580744,1
56487.54367076952,0.4187705248920731,200.41594549934246,9.9836403627902,66.43740807949568,0.9446961647676031,471.13753339572514,499.73452893634783,2
246819.92704113873,0.38313852824949746,4658.19604275954,9.337821980301221,31.13573610765564,0.7862167990772997,87.8417309572066,545.8504064219256,1
6665.468738942115,0.5189177052828375,3463.1574176062277,6.461395475398396,55.523499936176236,0.8102867431590715,252.6779258767025,343.827741293681,1
234861.660355069,0.046965966775055046,3398.74125959737,4.270355727611313,70.0987457136851,0.9031836326511415,346.9875683926573,390.1489963886386,1
29095.334565236837,0.1662833687560794,1117.5920043687,6.398155910611504,59.11182654339611,0.4918501125395337,350.08222391644557,335.24118546343504,2
60290.14021776789,0.7380336164263704,3311.4830776516533,7.877951018994296,52.14230405234594,0.8649496327066921,326.0762836005637,502.00165453426536,1
59645.59714177534,0.08279866792512647,1999.6288079880844,1.2715282901415346,99.50787111197586,0.43666842206954437,141.26766565867078,249.50477196142086,0
324955.9407559157,0.6031521094663882,3273.603236355386,4.158058407993253,90.42518097191416,0.5417393665714214,82.32225149987788,430.5750286025515,0
373276.3947534462,0.24534910968132095,577.6355000245541,8.414042627792611,69.87247665275521,0.5349273179888898,319.79046177922186,616.7450776514946,1
292101.01378348266,0.38929561404197655,3306.3342577850285,3.899946224137136,65.55018889458262,0.9849678278723983,301.6545474890217,298.7841371914468,1
481124.1016887964,0.28869373677069987,4997.097942564799,5.761535485149147,69.65283838596673,0.8995760566235487,93.78122509317429,459.7242948437948,0
188060.41918232833,0.35567271646494913,288.6495923597523,5.9189166725357625,36.10496862579466,0.7908189031131818,354.04387705742886,450.9498732721146,1
143570.3310546485,0.7190459051842455,4887.0122118955205,1.9263149060230298,51.61101946114549,0.808939733130773,230.31013590815994,229.96531427395814,0
434430.9649665407,0.297121715623175,2064.1944055782096,3.6861308723576554,23.156762631271945,0.6934509560817997,335.5414928435607,335.8416197702397,1
112574.32342120686,0.5664046402968972,4360.229579169433,3.4116617585451285,58.04368299894613,0.9629634669759632,419.4967044862246,241.5035906642701,1
481648.047180865,0.47605040219909966,3922.8081460884537,0.35934741446744145,63.44196671661305,0.647381127017653,89.01557214557697,124.6133579386758,0
7065.082870218354,0.6636711653626481,2856.7304918840055,0.33949846252441696,38.21997888825677,0.5663623969089262,14.476709658434157,3.771805941321176,0
484969.53452711186,0.936829739324758,3705.3235857940663,8.333800732390158,97.1223077732411,0.4141247358521137,390.6557802659145,754.8741591078686,1
22536.79606333748,0.7325720972102503,4398.652028441672,2.803401018730843,92.75636887497936,0.8503439565827406,306.8002254505449,175.66468008039942,1
445680.4137353375,0.21494037859075676,2050.494592172613,5.228979785764273,77.77145883647248,0.8141107524529139,351.3215869629502,482.3985633063414,1
264322.8534340636,0.031183135061284672,1668.8141497380316,3.057383178528853,62.670930301229006,0.5690485269668943,419.88671261937805,345.2091439176507,1
496489.43326353084,0.2622640442998251,3354.587258539744,9.41272452664187,89.5975327718148,0.31763538977146055,402.39141273812777,646.4344556828529,1
37824.48580296403,0.5950779307002548,4048.83741260923,2.66703791277116,30.452187505877035,0.8872981294026074,480.6554727297682,184.38695262437844,1
277373.2879162591,0.05142581348425035,3823.311417144248,4.353602446115457,83.2407835419908,0.30799258841785154,270.2878640317985,431.0286690981741,1
484681.9652739304,0.49636624720123634,3999.1775618502406,8.740029479797558,29.985665117347864,0.7925898457403356,246.80533816665314,613.0166947847674,1
262025.82424090427,0.5968428489168892,2206.1374083240185,8.435142311238906,83.53685300395243,0.9791799768082399,203.9341639459114,727.3218686215074,0
315069.920429496,0.3342438908169608,4098.279370066357,1.9424040366781457,42.06140546010856,0.6063629297037424,81.07706620788124,150.27262047895493,1
348178.59580332396,0.7709122037458219,645.0348240845118,8.046168766977534,90.16724648145511,0.46448138349716694,288.4405802766011,649.8656900655229,1
227815.99131911885,0.1065982531337718,2745.221034906205,4.636050178705137,95.52336750603183,0.7934097070303672,142.1211995413595,387.0305869672011,0
314151.48196194763,0.07513778173580876,78.50536946570178,4.881391833645017,31.90367755240925,0.8719896994109095,461.0472185454229,408.8147215650781,1
292572.841649627,0.7281887562036033,1656.699858006338,1.4214517269178435,57.01404840523148,0.6825012212544931,293.6794481171633,237.92384483097408,0
450677.8472350035,0.49549131620619846,1863.9845976134195,0.897954986195534,98.47899025301481,0.9769246926793023,298.45588935151454,241.9222838777927,0
23677.743790387478,0.688402396427736,2011.0548234658143,7.306599139040276,58.67259487785173,0.33616810516057277,180.68770713411996,442.5556945899488,2
141200.63160652292,0.4348273386037462,3492.5626731148177,5.014965408317467,89.08380180116362,0.6533569188131696,30.734729228965207,289.2971891290795,0
475255.3305542028,0.2464020332391068,1973.3626012882114,4.424821955890278,67.09852177050558,0.8029177631257851,20.71316385962937,461.07859375985,0
445241.62816156726,0.8191023176741997,2271.0334319815265,7.322131463658727,50.02639263356815,0.9038483298044253,214.55089635583278,564.6133775645009,1
228372.71964007075,0.7994158789689793,1225.843447827921,7.678577700011987,42.862684442069614,0.425478928335453,46.859862158132735,527.2363937668453,1
310446.1663029668,0.6946964708544268,1897.5963685652334,1.6731908599266003,36.257847286886985,0.8600024372345769,305.38924299236885,265.9571564284646,1
139413.21030758522,0.2721451372299627,1174.9846549525998,6.141228979828648,80.94385531021578,0.6868949530029816,441.08163779163044,448.2102594044093,1
94872.45870215689,0.5902306668690871,412.319822653796,1.4400054145490868,50.92324054584223,0.5775875773929742,442.0428341767675,158.78971987385745,1
232385.5040650511,0.3609738969400268,3037.0705372378206,7.538613351687552,60.90203697606009,0.3922005200053655,331.227478015455,463.4949389468884,1
177322.76178500036,0.09158207332663415,3357.6533528473306,6.603856047044681,59.386038400094556,0.9057070312362387,109.55975657910085,407.1646311053762,1
292244.39981358516,0.9173135754622428,3116.4772127475917,9.570484748726233,66.1823223386505,0.41009124572580075,432.1834315226417,691.7166107279043,2
39789.583845527435,0.1368186309189614,2344.2955168128333,0.7826843619285697,89.24617164996418,0.5168515014463695,443.61625048003805,212.13403518534983,1
487223.0090254171,0.9502373538208024,1929.9396118871875,0.6648417393974178,98.45914748667435,0.5030318723737057,102.34352455171455,265.9626153485677,0
493119.16149532184,0.44600577295795574,4323.501565380535,2.8936520394626815,52.606736685905354,0.909989823933598,370.02591245648523,347.52522447029963,1
